"","Wavelength","Reflectance"
"1",350,0.23974
"2",351,0.22716
"3",352,0.21746
"4",353,0.20807
"5",354,0.20151
"6",355,0.20396
"7",356,0.1997
"8",357,0.18995
"9",358,0.18143
"10",359,0.17721
"11",360,0.17819
"12",361,0.17314
"13",362,0.1687
"14",363,0.16942
"15",364,0.1701
"16",365,0.16899
"17",366,0.16176
"18",367,0.15866
"19",368,0.15774
"20",369,0.14995
"21",370,0.14132
"22",371,0.13379
"23",372,0.12975
"24",373,0.12705
"25",374,0.12468
"26",375,0.12375
"27",376,0.12304
"28",377,0.12125
"29",378,0.12071
"30",379,0.1206
"31",380,0.11827
"32",381,0.11776
"33",382,0.1187
"34",383,0.11655
"35",384,0.11397
"36",385,0.11161
"37",386,0.10913
"38",387,0.10497
"39",388,0.09815
"40",389,0.09587
"41",390,0.09477
"42",391,0.09183
"43",392,0.09089
"44",393,0.09105
"45",394,0.09079
"46",395,0.0914
"47",396,0.09237
"48",397,0.09158
"49",398,0.09189
"50",399,0.09367
"51",400,0.09578
"52",401,0.09747
"53",402,0.09834
"54",403,0.0975
"55",404,0.09719
"56",405,0.09872
"57",406,0.10075
"58",407,0.10386
"59",408,0.10844
"60",409,0.11098
"61",410,0.11025
"62",411,0.10433
"63",412,0.09947
"64",413,0.09614
"65",414,0.0954
"66",415,0.09503
"67",416,0.09504
"68",417,0.09604
"69",418,0.09749
"70",419,0.09876
"71",420,0.09787
"72",421,0.09761
"73",422,0.0983
"74",423,0.0985
"75",424,0.09881
"76",425,0.0993
"77",426,0.09918
"78",427,0.09804
"79",428,0.09593
"80",429,0.09529
"81",430,0.09522
"82",431,0.09534
"83",432,0.09447
"84",433,0.09372
"85",434,0.09387
"86",435,0.09355
"87",436,0.09402
"88",437,0.09616
"89",438,0.09672
"90",439,0.09658
"91",440,0.09626
"92",441,0.09431
"93",442,0.09244
"94",443,0.09241
"95",444,0.09225
"96",445,0.09202
"97",446,0.09183
"98",447,0.09154
"99",448,0.09123
"100",449,0.09099
"101",450,0.09054
"102",451,0.09005
"103",452,0.08974
"104",453,0.08924
"105",454,0.0887
"106",455,0.08832
"107",456,0.08815
"108",457,0.08795
"109",458,0.08735
"110",459,0.08711
"111",460,0.08714
"112",461,0.08717
"113",462,0.08695
"114",463,0.08659
"115",464,0.08632
"116",465,0.08627
"117",466,0.08631
"118",467,0.08612
"119",468,0.08602
"120",469,0.08593
"121",470,0.08565
"122",471,0.08515
"123",472,0.08468
"124",473,0.08453
"125",474,0.08455
"126",475,0.08449
"127",476,0.08402
"128",477,0.08371
"129",478,0.08342
"130",479,0.08296
"131",480,0.08254
"132",481,0.0822
"133",482,0.08199
"134",483,0.08185
"135",484,0.08172
"136",485,0.08148
"137",486,0.08148
"138",487,0.08149
"139",488,0.0812
"140",489,0.08111
"141",490,0.08117
"142",491,0.08137
"143",492,0.08151
"144",493,0.08159
"145",494,0.08161
"146",495,0.08197
"147",496,0.08211
"148",497,0.08186
"149",498,0.0822
"150",499,0.08263
"151",500,0.08299
"152",501,0.0835
"153",502,0.08406
"154",503,0.08467
"155",504,0.08546
"156",505,0.08638
"157",506,0.08741
"158",507,0.08865
"159",508,0.08997
"160",509,0.09139
"161",510,0.0932
"162",511,0.09516
"163",512,0.09725
"164",513,0.09948
"165",514,0.10193
"166",515,0.10464
"167",516,0.10765
"168",517,0.11062
"169",518,0.11369
"170",519,0.11711
"171",520,0.12074
"172",521,0.1244
"173",522,0.12788
"174",523,0.13151
"175",524,0.13519
"176",525,0.13882
"177",526,0.14216
"178",527,0.14543
"179",528,0.14869
"180",529,0.15174
"181",530,0.15438
"182",531,0.15662
"183",532,0.15874
"184",533,0.16065
"185",534,0.16237
"186",535,0.16398
"187",536,0.16521
"188",537,0.16615
"189",538,0.16698
"190",539,0.16773
"191",540,0.16839
"192",541,0.16894
"193",542,0.1693
"194",543,0.16964
"195",544,0.17005
"196",545,0.17045
"197",546,0.17076
"198",547,0.17097
"199",548,0.17122
"200",549,0.17155
"201",550,0.17189
"202",551,0.17201
"203",552,0.17212
"204",553,0.17206
"205",554,0.17152
"206",555,0.1708
"207",556,0.16991
"208",557,0.16889
"209",558,0.16762
"210",559,0.16624
"211",560,0.16481
"212",561,0.16315
"213",562,0.16142
"214",563,0.15962
"215",564,0.15751
"216",565,0.1553
"217",566,0.15303
"218",567,0.15072
"219",568,0.14813
"220",569,0.14545
"221",570,0.14292
"222",571,0.14024
"223",572,0.13757
"224",573,0.135
"225",574,0.1327
"226",575,0.13039
"227",576,0.1281
"228",577,0.12609
"229",578,0.12414
"230",579,0.1222
"231",580,0.12026
"232",581,0.11859
"233",582,0.1171
"234",583,0.11572
"235",584,0.11422
"236",585,0.11294
"237",586,0.11187
"238",587,0.11067
"239",588,0.10959
"240",589,0.1086
"241",590,0.10756
"242",591,0.10672
"243",592,0.10601
"244",593,0.10535
"245",594,0.10465
"246",595,0.10405
"247",596,0.10356
"248",597,0.10314
"249",598,0.10266
"250",599,0.10213
"251",600,0.1016
"252",601,0.10089
"253",602,0.10019
"254",603,0.09958
"255",604,0.09874
"256",605,0.09794
"257",606,0.09715
"258",607,0.09622
"259",608,0.09514
"260",609,0.09405
"261",610,0.09304
"262",611,0.09186
"263",612,0.09059
"264",613,0.0893
"265",614,0.08825
"266",615,0.08713
"267",616,0.08598
"268",617,0.08495
"269",618,0.08402
"270",619,0.08316
"271",620,0.08238
"272",621,0.08168
"273",622,0.08104
"274",623,0.08046
"275",624,0.08001
"276",625,0.0796
"277",626,0.07921
"278",627,0.07885
"279",628,0.07867
"280",629,0.07854
"281",630,0.07843
"282",631,0.07831
"283",632,0.07814
"284",633,0.07784
"285",634,0.0774
"286",635,0.07699
"287",636,0.07637
"288",637,0.07558
"289",638,0.07473
"290",639,0.07386
"291",640,0.07299
"292",641,0.07209
"293",642,0.07124
"294",643,0.07024
"295",644,0.06917
"296",645,0.06815
"297",646,0.06727
"298",647,0.06641
"299",648,0.06556
"300",649,0.06478
"301",650,0.06423
"302",651,0.06377
"303",652,0.06324
"304",653,0.06279
"305",654,0.06232
"306",655,0.06181
"307",656,0.06127
"308",657,0.06081
"309",658,0.06035
"310",659,0.05985
"311",660,0.05939
"312",661,0.05892
"313",662,0.05851
"314",663,0.05822
"315",664,0.05787
"316",665,0.05767
"317",666,0.05761
"318",667,0.0576
"319",668,0.05762
"320",669,0.05779
"321",670,0.05808
"322",671,0.05835
"323",672,0.05872
"324",673,0.05918
"325",674,0.05972
"326",675,0.06022
"327",676,0.06087
"328",677,0.06162
"329",678,0.06239
"330",679,0.06336
"331",680,0.06428
"332",681,0.06511
"333",682,0.06602
"334",683,0.06704
"335",684,0.06804
"336",685,0.06903
"337",686,0.07013
"338",687,0.07136
"339",688,0.07297
"340",689,0.07513
"341",690,0.07777
"342",691,0.08134
"343",692,0.08569
"344",693,0.09071
"345",694,0.09699
"346",695,0.10385
"347",696,0.11158
"348",697,0.12049
"349",698,0.1293
"350",699,0.13908
"351",700,0.14964
"352",701,0.16034
"353",702,0.17034
"354",703,0.18104
"355",704,0.19183
"356",705,0.2017
"357",706,0.21233
"358",707,0.22304
"359",708,0.23337
"360",709,0.24304
"361",710,0.25343
"362",711,0.26384
"363",712,0.27417
"364",713,0.28442
"365",714,0.29382
"366",715,0.30373
"367",716,0.31403
"368",717,0.32416
"369",718,0.33359
"370",719,0.3433
"371",720,0.35319
"372",721,0.36292
"373",722,0.37271
"374",723,0.38205
"375",724,0.39112
"376",725,0.39994
"377",726,0.40797
"378",727,0.41621
"379",728,0.42437
"380",729,0.43213
"381",730,0.43939
"382",731,0.4466
"383",732,0.45352
"384",733,0.46003
"385",734,0.46613
"386",735,0.4719
"387",736,0.4773
"388",737,0.48227
"389",738,0.48677
"390",739,0.49099
"391",740,0.49514
"392",741,0.49902
"393",742,0.50247
"394",743,0.50549
"395",744,0.50847
"396",745,0.51109
"397",746,0.51337
"398",747,0.51572
"399",748,0.51768
"400",749,0.51935
"401",750,0.52086
"402",751,0.52231
"403",752,0.52337
"404",753,0.52448
"405",754,0.52569
"406",755,0.52681
"407",756,0.52742
"408",757,0.52801
"409",758,0.52854
"410",759,0.52899
"411",760,0.52936
"412",761,0.52965
"413",762,0.52991
"414",763,0.53005
"415",764,0.53012
"416",765,0.53034
"417",766,0.53044
"418",767,0.53043
"419",768,0.53037
"420",769,0.53027
"421",770,0.52996
"422",771,0.52995
"423",772,0.53003
"424",773,0.52997
"425",774,0.52966
"426",775,0.52945
"427",776,0.52929
"428",777,0.52917
"429",778,0.52907
"430",779,0.52894
"431",780,0.5288
"432",781,0.52862
"433",782,0.52848
"434",783,0.52842
"435",784,0.52836
"436",785,0.52826
"437",786,0.52796
"438",787,0.52804
"439",788,0.52833
"440",789,0.52814
"441",790,0.52781
"442",791,0.52767
"443",792,0.52757
"444",793,0.52751
"445",794,0.52749
"446",795,0.52702
"447",796,0.52697
"448",797,0.52695
"449",798,0.52686
"450",799,0.52679
"451",800,0.52669
"452",801,0.52654
"453",802,0.52639
"454",803,0.52618
"455",804,0.52596
"456",805,0.52603
"457",806,0.52574
"458",807,0.52563
"459",808,0.52577
"460",809,0.52586
"461",810,0.52552
"462",811,0.52566
"463",812,0.52538
"464",813,0.52538
"465",814,0.52532
"466",815,0.52502
"467",816,0.525
"468",817,0.52497
"469",818,0.52492
"470",819,0.52483
"471",820,0.52486
"472",821,0.52498
"473",822,0.52484
"474",823,0.52461
"475",824,0.52422
"476",825,0.524
"477",826,0.52396
"478",827,0.52385
"479",828,0.52343
"480",829,0.52338
"481",830,0.52309
"482",831,0.52283
"483",832,0.52271
"484",833,0.52271
"485",834,0.52285
"486",835,0.52254
"487",836,0.52241
"488",837,0.52239
"489",838,0.52216
"490",839,0.52178
"491",840,0.52163
"492",841,0.52161
"493",842,0.52146
"494",843,0.52165
"495",844,0.52158
"496",845,0.52143
"497",846,0.52136
"498",847,0.52102
"499",848,0.52111
"500",849,0.52124
"501",850,0.52088
"502",851,0.52073
"503",852,0.52072
"504",853,0.52057
"505",854,0.52045
"506",855,0.5201
"507",856,0.52022
"508",857,0.51992
"509",858,0.51962
"510",859,0.51949
"511",860,0.51946
"512",861,0.51939
"513",862,0.51897
"514",863,0.51894
"515",864,0.51891
"516",865,0.51889
"517",866,0.51898
"518",867,0.51874
"519",868,0.51823
"520",869,0.51803
"521",870,0.51779
"522",871,0.51786
"523",872,0.51757
"524",873,0.51757
"525",874,0.51736
"526",875,0.51726
"527",876,0.51729
"528",877,0.51701
"529",878,0.51686
"530",879,0.51698
"531",880,0.51685
"532",881,0.51667
"533",882,0.51642
"534",883,0.51623
"535",884,0.51628
"536",885,0.51638
"537",886,0.51621
"538",887,0.51594
"539",888,0.51534
"540",889,0.51516
"541",890,0.51514
"542",891,0.51521
"543",892,0.51489
"544",893,0.51462
"545",894,0.51467
"546",895,0.51482
"547",896,0.51475
"548",897,0.51445
"549",898,0.51405
"550",899,0.51395
"551",900,0.51424
"552",901,0.51418
"553",902,0.5137
"554",903,0.51366
"555",904,0.51347
"556",905,0.51295
"557",906,0.51291
"558",907,0.51283
"559",908,0.51254
"560",909,0.51265
"561",910,0.51273
"562",911,0.51248
"563",912,0.51213
"564",913,0.51206
"565",914,0.51179
"566",915,0.51126
"567",916,0.51137
"568",917,0.51104
"569",918,0.51109
"570",919,0.51111
"571",920,0.51085
"572",921,0.51045
"573",922,0.51026
"574",923,0.51007
"575",924,0.50977
"576",925,0.50942
"577",926,0.50905
"578",927,0.50884
"579",928,0.50864
"580",929,0.50825
"581",930,0.50791
"582",931,0.50761
"583",932,0.50745
"584",933,0.50674
"585",934,0.50632
"586",935,0.50649
"587",936,0.50604
"588",937,0.50546
"589",938,0.50533
"590",939,0.50509
"591",940,0.50415
"592",941,0.504
"593",942,0.50358
"594",943,0.50301
"595",944,0.50233
"596",945,0.50185
"597",946,0.50118
"598",947,0.50059
"599",948,0.50014
"600",949,0.49942
"601",950,0.49882
"602",951,0.49744
"603",952,0.49757
"604",953,0.49624
"605",954,0.4957
"606",955,0.49551
"607",956,0.49487
"608",957,0.49419
"609",958,0.49322
"610",959,0.4931
"611",960,0.49235
"612",961,0.49205
"613",962,0.49158
"614",963,0.49166
"615",964,0.49136
"616",965,0.49187
"617",966,0.49161
"618",967,0.49019
"619",968,0.49048
"620",969,0.49001
"621",970,0.49016
"622",971,0.49004
"623",972,0.48972
"624",973,0.48958
"625",974,0.48978
"626",975,0.48935
"627",976,0.48946
"628",977,0.48984
"629",978,0.48932
"630",979,0.48984
"631",980,0.48857
"632",981,0.48833
"633",982,0.48849
"634",983,0.48713
"635",984,0.48713
"636",985,0.4868
"637",986,0.48719
"638",987,0.4876
"639",988,0.48787
"640",989,0.48832
"641",990,0.49025
"642",991,0.49128
"643",992,0.49291
"644",993,0.49484
"645",994,0.49667
"646",995,0.49865
"647",996,0.50015
"648",997,0.50195
"649",998,0.50322
"650",999,0.50483
"651",1000,0.50644
"652",1001,0.50807
"653",1002,0.50923
"654",1003,0.51028
"655",1004,0.51123
"656",1005,0.51213
"657",1006,0.51303
"658",1007,0.51387
"659",1008,0.51467
"660",1009,0.5154
"661",1010,0.51606
"662",1011,0.51665
"663",1012,0.5172
"664",1013,0.51769
"665",1014,0.51814
"666",1015,0.51853
"667",1016,0.51887
"668",1017,0.51918
"669",1018,0.51942
"670",1019,0.51962
"671",1020,0.5198
"672",1021,0.52003
"673",1022,0.5203
"674",1023,0.52061
"675",1024,0.5209
"676",1025,0.52115
"677",1026,0.52135
"678",1027,0.52152
"679",1028,0.52168
"680",1029,0.52184
"681",1030,0.522
"682",1031,0.52216
"683",1032,0.52231
"684",1033,0.52246
"685",1034,0.52262
"686",1035,0.52277
"687",1036,0.52293
"688",1037,0.5231
"689",1038,0.5233
"690",1039,0.52351
"691",1040,0.52371
"692",1041,0.52387
"693",1042,0.52402
"694",1043,0.52416
"695",1044,0.52426
"696",1045,0.52432
"697",1046,0.52434
"698",1047,0.52432
"699",1048,0.52431
"700",1049,0.52432
"701",1050,0.52435
"702",1051,0.52437
"703",1052,0.52441
"704",1053,0.52445
"705",1054,0.52449
"706",1055,0.52454
"707",1056,0.52458
"708",1057,0.5246
"709",1058,0.5246
"710",1059,0.5246
"711",1060,0.52457
"712",1061,0.52452
"713",1062,0.52443
"714",1063,0.52433
"715",1064,0.52427
"716",1065,0.52425
"717",1066,0.52426
"718",1067,0.52429
"719",1068,0.52431
"720",1069,0.52434
"721",1070,0.52437
"722",1071,0.5244
"723",1072,0.5244
"724",1073,0.52436
"725",1074,0.52429
"726",1075,0.52421
"727",1076,0.5241
"728",1077,0.52397
"729",1078,0.52381
"730",1079,0.52365
"731",1080,0.52352
"732",1081,0.52342
"733",1082,0.52334
"734",1083,0.52327
"735",1084,0.52317
"736",1085,0.52305
"737",1086,0.52292
"738",1087,0.52278
"739",1088,0.52262
"740",1089,0.52245
"741",1090,0.52227
"742",1091,0.52208
"743",1092,0.5219
"744",1093,0.52173
"745",1094,0.52156
"746",1095,0.52139
"747",1096,0.52124
"748",1097,0.5211
"749",1098,0.52097
"750",1099,0.52082
"751",1100,0.52062
"752",1101,0.52039
"753",1102,0.52013
"754",1103,0.51986
"755",1104,0.51959
"756",1105,0.51929
"757",1106,0.519
"758",1107,0.51876
"759",1108,0.51861
"760",1109,0.51856
"761",1110,0.51853
"762",1111,0.51845
"763",1112,0.51828
"764",1113,0.51808
"765",1114,0.51783
"766",1115,0.51752
"767",1116,0.51711
"768",1117,0.5166
"769",1118,0.51607
"770",1119,0.51563
"771",1120,0.51532
"772",1121,0.51509
"773",1122,0.5149
"774",1123,0.51466
"775",1124,0.5144
"776",1125,0.51413
"777",1126,0.51381
"778",1127,0.51337
"779",1128,0.5128
"780",1129,0.51214
"781",1130,0.5114
"782",1131,0.51062
"783",1132,0.5098
"784",1133,0.50893
"785",1134,0.50798
"786",1135,0.50693
"787",1136,0.50575
"788",1137,0.50448
"789",1138,0.50319
"790",1139,0.50191
"791",1140,0.50061
"792",1141,0.49931
"793",1142,0.498
"794",1143,0.49672
"795",1144,0.49544
"796",1145,0.49417
"797",1146,0.49291
"798",1147,0.49165
"799",1148,0.49036
"800",1149,0.48909
"801",1150,0.48791
"802",1151,0.48683
"803",1152,0.48584
"804",1153,0.48491
"805",1154,0.48404
"806",1155,0.48323
"807",1156,0.4825
"808",1157,0.48181
"809",1158,0.48116
"810",1159,0.48054
"811",1160,0.47995
"812",1161,0.4794
"813",1162,0.47888
"814",1163,0.47839
"815",1164,0.47793
"816",1165,0.4775
"817",1166,0.4771
"818",1167,0.47673
"819",1168,0.4764
"820",1169,0.47608
"821",1170,0.47577
"822",1171,0.47549
"823",1172,0.47521
"824",1173,0.47495
"825",1174,0.47468
"826",1175,0.47442
"827",1176,0.47416
"828",1177,0.4739
"829",1178,0.47365
"830",1179,0.4734
"831",1180,0.47315
"832",1181,0.47292
"833",1182,0.4727
"834",1183,0.47249
"835",1184,0.47229
"836",1185,0.4721
"837",1186,0.47192
"838",1187,0.47174
"839",1188,0.47158
"840",1189,0.47144
"841",1190,0.47131
"842",1191,0.47119
"843",1192,0.47109
"844",1193,0.47102
"845",1194,0.47099
"846",1195,0.47098
"847",1196,0.47098
"848",1197,0.47098
"849",1198,0.47096
"850",1199,0.47095
"851",1200,0.47094
"852",1201,0.47094
"853",1202,0.47096
"854",1203,0.47098
"855",1204,0.471
"856",1205,0.47104
"857",1206,0.47108
"858",1207,0.47114
"859",1208,0.47117
"860",1209,0.47118
"861",1210,0.47115
"862",1211,0.47112
"863",1212,0.47112
"864",1213,0.47117
"865",1214,0.47127
"866",1215,0.47139
"867",1216,0.47152
"868",1217,0.47165
"869",1218,0.4718
"870",1219,0.47194
"871",1220,0.47207
"872",1221,0.47217
"873",1222,0.47225
"874",1223,0.47232
"875",1224,0.4724
"876",1225,0.47246
"877",1226,0.47252
"878",1227,0.47258
"879",1228,0.47266
"880",1229,0.47277
"881",1230,0.47289
"882",1231,0.473
"883",1232,0.47311
"884",1233,0.4732
"885",1234,0.47329
"886",1235,0.47337
"887",1236,0.47344
"888",1237,0.4735
"889",1238,0.47355
"890",1239,0.47361
"891",1240,0.47368
"892",1241,0.47375
"893",1242,0.47383
"894",1243,0.47393
"895",1244,0.47407
"896",1245,0.47423
"897",1246,0.4744
"898",1247,0.47456
"899",1248,0.47472
"900",1249,0.47487
"901",1250,0.47501
"902",1251,0.4751
"903",1252,0.47514
"904",1253,0.47514
"905",1254,0.47513
"906",1255,0.47513
"907",1256,0.47512
"908",1257,0.47511
"909",1258,0.47509
"910",1259,0.47508
"911",1260,0.47508
"912",1261,0.47508
"913",1262,0.47506
"914",1263,0.47501
"915",1264,0.47494
"916",1265,0.47487
"917",1266,0.47481
"918",1267,0.47479
"919",1268,0.4748
"920",1269,0.47481
"921",1270,0.4748
"922",1271,0.47479
"923",1272,0.47478
"924",1273,0.47473
"925",1274,0.47463
"926",1275,0.47446
"927",1276,0.47423
"928",1277,0.47399
"929",1278,0.47375
"930",1279,0.47351
"931",1280,0.47326
"932",1281,0.47299
"933",1282,0.4727
"934",1283,0.4724
"935",1284,0.47208
"936",1285,0.47173
"937",1286,0.47136
"938",1287,0.47096
"939",1288,0.47054
"940",1289,0.47014
"941",1290,0.46977
"942",1291,0.46942
"943",1292,0.46907
"944",1293,0.4687
"945",1294,0.46832
"946",1295,0.46793
"947",1296,0.46751
"948",1297,0.46703
"949",1298,0.46647
"950",1299,0.46586
"951",1300,0.46522
"952",1301,0.46457
"953",1302,0.46389
"954",1303,0.46319
"955",1304,0.46246
"956",1305,0.46173
"957",1306,0.46097
"958",1307,0.46019
"959",1308,0.4594
"960",1309,0.45859
"961",1310,0.45777
"962",1311,0.45693
"963",1312,0.45607
"964",1313,0.45518
"965",1314,0.45428
"966",1315,0.45334
"967",1316,0.45235
"968",1317,0.4513
"969",1318,0.4502
"970",1319,0.44907
"971",1320,0.4479
"972",1321,0.4467
"973",1322,0.44545
"974",1323,0.4442
"975",1324,0.44295
"976",1325,0.4417
"977",1326,0.44044
"978",1327,0.43913
"979",1328,0.43777
"980",1329,0.43637
"981",1330,0.43494
"982",1331,0.43349
"983",1332,0.43202
"984",1333,0.43052
"985",1334,0.42901
"986",1335,0.42754
"987",1336,0.42609
"988",1337,0.42466
"989",1338,0.42323
"990",1339,0.4218
"991",1340,0.42038
"992",1341,0.41896
"993",1342,0.41753
"994",1343,0.41607
"995",1344,0.4146
"996",1345,0.41311
"997",1346,0.41163
"998",1347,0.41016
"999",1348,0.40869
"1000",1349,0.40723
"1001",1350,0.40578
"1002",1351,0.40435
"1003",1352,0.40293
"1004",1353,0.40152
"1005",1354,0.40009
"1006",1355,0.39867
"1007",1356,0.39724
"1008",1357,0.3958
"1009",1358,0.39433
"1010",1359,0.39286
"1011",1360,0.39137
"1012",1361,0.38981
"1013",1362,0.38818
"1014",1363,0.38649
"1015",1364,0.38472
"1016",1365,0.38284
"1017",1366,0.38086
"1018",1367,0.37879
"1019",1368,0.3766
"1020",1369,0.37426
"1021",1370,0.37179
"1022",1371,0.3692
"1023",1372,0.36643
"1024",1373,0.36346
"1025",1374,0.36034
"1026",1375,0.35703
"1027",1376,0.35347
"1028",1377,0.34959
"1029",1378,0.34539
"1030",1379,0.34093
"1031",1380,0.33628
"1032",1381,0.33149
"1033",1382,0.32652
"1034",1383,0.32137
"1035",1384,0.31603
"1036",1385,0.3105
"1037",1386,0.30477
"1038",1387,0.29889
"1039",1388,0.29286
"1040",1389,0.28662
"1041",1390,0.28022
"1042",1391,0.27382
"1043",1392,0.26755
"1044",1393,0.26134
"1045",1394,0.25517
"1046",1395,0.24908
"1047",1396,0.24307
"1048",1397,0.23711
"1049",1398,0.23125
"1050",1399,0.2255
"1051",1400,0.21986
"1052",1401,0.21431
"1053",1402,0.20894
"1054",1403,0.20384
"1055",1404,0.19904
"1056",1405,0.19448
"1057",1406,0.19009
"1058",1407,0.18583
"1059",1408,0.18169
"1060",1409,0.17773
"1061",1410,0.17398
"1062",1411,0.17048
"1063",1412,0.16721
"1064",1413,0.16413
"1065",1414,0.16118
"1066",1415,0.15832
"1067",1416,0.15559
"1068",1417,0.15301
"1069",1418,0.15061
"1070",1419,0.14838
"1071",1420,0.14632
"1072",1421,0.14438
"1073",1422,0.14252
"1074",1423,0.14077
"1075",1424,0.13912
"1076",1425,0.13758
"1077",1426,0.13615
"1078",1427,0.13483
"1079",1428,0.1336
"1080",1429,0.13242
"1081",1430,0.13128
"1082",1431,0.1302
"1083",1432,0.1292
"1084",1433,0.12829
"1085",1434,0.12748
"1086",1435,0.12675
"1087",1436,0.12608
"1088",1437,0.12546
"1089",1438,0.12488
"1090",1439,0.12436
"1091",1440,0.12389
"1092",1441,0.12347
"1093",1442,0.1231
"1094",1443,0.12279
"1095",1444,0.1225
"1096",1445,0.12225
"1097",1446,0.12203
"1098",1447,0.12184
"1099",1448,0.12168
"1100",1449,0.12154
"1101",1450,0.12142
"1102",1451,0.12134
"1103",1452,0.1213
"1104",1453,0.1213
"1105",1454,0.12132
"1106",1455,0.12139
"1107",1456,0.1215
"1108",1457,0.12165
"1109",1458,0.12185
"1110",1459,0.12209
"1111",1460,0.12238
"1112",1461,0.12272
"1113",1462,0.12309
"1114",1463,0.12351
"1115",1464,0.12396
"1116",1465,0.12446
"1117",1466,0.12501
"1118",1467,0.12563
"1119",1468,0.12631
"1120",1469,0.12705
"1121",1470,0.12784
"1122",1471,0.12866
"1123",1472,0.12953
"1124",1473,0.13044
"1125",1474,0.1314
"1126",1475,0.13241
"1127",1476,0.13346
"1128",1477,0.13455
"1129",1478,0.13566
"1130",1479,0.13681
"1131",1480,0.13799
"1132",1481,0.13918
"1133",1482,0.14039
"1134",1483,0.1416
"1135",1484,0.14284
"1136",1485,0.14412
"1137",1486,0.14546
"1138",1487,0.14684
"1139",1488,0.14824
"1140",1489,0.14965
"1141",1490,0.15108
"1142",1491,0.15251
"1143",1492,0.15396
"1144",1493,0.15542
"1145",1494,0.15689
"1146",1495,0.15837
"1147",1496,0.15987
"1148",1497,0.16138
"1149",1498,0.16292
"1150",1499,0.16445
"1151",1500,0.16598
"1152",1501,0.16751
"1153",1502,0.16904
"1154",1503,0.17056
"1155",1504,0.17209
"1156",1505,0.17361
"1157",1506,0.17514
"1158",1507,0.17668
"1159",1508,0.17827
"1160",1509,0.17988
"1161",1510,0.1815
"1162",1511,0.18307
"1163",1512,0.18461
"1164",1513,0.18612
"1165",1514,0.18763
"1166",1515,0.18916
"1167",1516,0.19068
"1168",1517,0.19221
"1169",1518,0.19375
"1170",1519,0.19528
"1171",1520,0.19681
"1172",1521,0.19834
"1173",1522,0.19986
"1174",1523,0.20139
"1175",1524,0.20292
"1176",1525,0.20444
"1177",1526,0.20594
"1178",1527,0.20742
"1179",1528,0.20888
"1180",1529,0.21035
"1181",1530,0.21184
"1182",1531,0.21336
"1183",1532,0.21487
"1184",1533,0.21637
"1185",1534,0.21785
"1186",1535,0.21932
"1187",1536,0.22079
"1188",1537,0.22225
"1189",1538,0.2237
"1190",1539,0.22514
"1191",1540,0.2266
"1192",1541,0.22806
"1193",1542,0.22954
"1194",1543,0.23102
"1195",1544,0.23248
"1196",1545,0.23395
"1197",1546,0.23542
"1198",1547,0.23685
"1199",1548,0.23825
"1200",1549,0.23958
"1201",1550,0.24089
"1202",1551,0.2422
"1203",1552,0.24352
"1204",1553,0.24485
"1205",1554,0.24617
"1206",1555,0.24746
"1207",1556,0.24872
"1208",1557,0.24995
"1209",1558,0.25118
"1210",1559,0.25243
"1211",1560,0.2537
"1212",1561,0.25497
"1213",1562,0.25624
"1214",1563,0.25751
"1215",1564,0.25878
"1216",1565,0.26003
"1217",1566,0.26124
"1218",1567,0.2624
"1219",1568,0.26353
"1220",1569,0.26463
"1221",1570,0.26575
"1222",1571,0.26686
"1223",1572,0.26797
"1224",1573,0.26906
"1225",1574,0.27012
"1226",1575,0.27115
"1227",1576,0.27217
"1228",1577,0.27321
"1229",1578,0.27428
"1230",1579,0.27536
"1231",1580,0.27642
"1232",1581,0.27745
"1233",1582,0.27845
"1234",1583,0.27943
"1235",1584,0.28038
"1236",1585,0.2813
"1237",1586,0.28219
"1238",1587,0.28307
"1239",1588,0.28396
"1240",1589,0.28487
"1241",1590,0.28578
"1242",1591,0.2867
"1243",1592,0.28765
"1244",1593,0.28864
"1245",1594,0.28962
"1246",1595,0.29055
"1247",1596,0.29142
"1248",1597,0.29223
"1249",1598,0.29302
"1250",1599,0.2938
"1251",1600,0.29457
"1252",1601,0.29533
"1253",1602,0.29608
"1254",1603,0.29683
"1255",1604,0.29758
"1256",1605,0.29833
"1257",1606,0.29908
"1258",1607,0.29982
"1259",1608,0.30057
"1260",1609,0.3013
"1261",1610,0.30203
"1262",1611,0.30275
"1263",1612,0.30347
"1264",1613,0.30418
"1265",1614,0.30489
"1266",1615,0.30559
"1267",1616,0.30628
"1268",1617,0.30696
"1269",1618,0.30762
"1270",1619,0.30827
"1271",1620,0.3089
"1272",1621,0.3095
"1273",1622,0.31008
"1274",1623,0.31064
"1275",1624,0.31118
"1276",1625,0.3117
"1277",1626,0.31219
"1278",1627,0.31267
"1279",1628,0.31315
"1280",1629,0.31362
"1281",1630,0.31408
"1282",1631,0.31455
"1283",1632,0.31502
"1284",1633,0.3155
"1285",1634,0.31597
"1286",1635,0.31643
"1287",1636,0.31686
"1288",1637,0.31729
"1289",1638,0.3177
"1290",1639,0.31811
"1291",1640,0.31851
"1292",1641,0.3189
"1293",1642,0.3193
"1294",1643,0.31968
"1295",1644,0.32007
"1296",1645,0.32045
"1297",1646,0.32083
"1298",1647,0.32122
"1299",1648,0.32161
"1300",1649,0.32198
"1301",1650,0.32234
"1302",1651,0.32268
"1303",1652,0.32301
"1304",1653,0.32328
"1305",1654,0.32351
"1306",1655,0.3237
"1307",1656,0.32388
"1308",1657,0.32405
"1309",1658,0.3242
"1310",1659,0.32435
"1311",1660,0.3245
"1312",1661,0.32468
"1313",1662,0.32486
"1314",1663,0.32504
"1315",1664,0.32518
"1316",1665,0.3253
"1317",1666,0.3254
"1318",1667,0.32549
"1319",1668,0.32556
"1320",1669,0.32561
"1321",1670,0.32566
"1322",1671,0.32571
"1323",1672,0.32578
"1324",1673,0.32584
"1325",1674,0.32588
"1326",1675,0.32589
"1327",1676,0.32587
"1328",1677,0.32581
"1329",1678,0.32572
"1330",1679,0.32557
"1331",1680,0.32537
"1332",1681,0.32518
"1333",1682,0.32501
"1334",1683,0.32487
"1335",1684,0.32474
"1336",1685,0.32461
"1337",1686,0.32448
"1338",1687,0.32436
"1339",1688,0.32422
"1340",1689,0.32403
"1341",1690,0.32381
"1342",1691,0.32356
"1343",1692,0.3233
"1344",1693,0.32302
"1345",1694,0.32272
"1346",1695,0.32241
"1347",1696,0.32212
"1348",1697,0.32183
"1349",1698,0.32154
"1350",1699,0.32126
"1351",1700,0.321
"1352",1701,0.32076
"1353",1702,0.32051
"1354",1703,0.32021
"1355",1704,0.31987
"1356",1705,0.31949
"1357",1706,0.31908
"1358",1707,0.31863
"1359",1708,0.31813
"1360",1709,0.31762
"1361",1710,0.31717
"1362",1711,0.31679
"1363",1712,0.31644
"1364",1713,0.31609
"1365",1714,0.31571
"1366",1715,0.31531
"1367",1716,0.31488
"1368",1717,0.31443
"1369",1718,0.31393
"1370",1719,0.3134
"1371",1720,0.31286
"1372",1721,0.31233
"1373",1722,0.31182
"1374",1723,0.31131
"1375",1724,0.31078
"1376",1725,0.31023
"1377",1726,0.30968
"1378",1727,0.30911
"1379",1728,0.30853
"1380",1729,0.30794
"1381",1730,0.30734
"1382",1731,0.30674
"1383",1732,0.30612
"1384",1733,0.3055
"1385",1734,0.30486
"1386",1735,0.30417
"1387",1736,0.30342
"1388",1737,0.30264
"1389",1738,0.30186
"1390",1739,0.30109
"1391",1740,0.30033
"1392",1741,0.29956
"1393",1742,0.29876
"1394",1743,0.29794
"1395",1744,0.29709
"1396",1745,0.29627
"1397",1746,0.29547
"1398",1747,0.2947
"1399",1748,0.29394
"1400",1749,0.29319
"1401",1750,0.29244
"1402",1751,0.29171
"1403",1752,0.29094
"1404",1753,0.29011
"1405",1754,0.28923
"1406",1755,0.28833
"1407",1756,0.28743
"1408",1757,0.28652
"1409",1758,0.28559
"1410",1759,0.28467
"1411",1760,0.28377
"1412",1761,0.28286
"1413",1762,0.28198
"1414",1763,0.28115
"1415",1764,0.28038
"1416",1765,0.27964
"1417",1766,0.27891
"1418",1767,0.27814
"1419",1768,0.27737
"1420",1769,0.27659
"1421",1770,0.27581
"1422",1771,0.27502
"1423",1772,0.27423
"1424",1773,0.27346
"1425",1774,0.27275
"1426",1775,0.27209
"1427",1776,0.27145
"1428",1777,0.27083
"1429",1778,0.27024
"1430",1779,0.26967
"1431",1780,0.26914
"1432",1781,0.26866
"1433",1782,0.26822
"1434",1783,0.26782
"1435",1784,0.26747
"1436",1785,0.26719
"1437",1786,0.26696
"1438",1787,0.26673
"1439",1788,0.26649
"1440",1789,0.26625
"1441",1790,0.26601
"1442",1791,0.26576
"1443",1792,0.26548
"1444",1793,0.2652
"1445",1794,0.26498
"1446",1795,0.26488
"1447",1796,0.26487
"1448",1797,0.26489
"1449",1798,0.26486
"1450",1799,0.26481
"1451",1800,0.26474
"1452",1801,0.26468
"1453",1802,0.26461
"1454",1803,0.26454
"1455",1804,0.26448
"1456",1805,0.26445
"1457",1806,0.26447
"1458",1807,0.26449
"1459",1808,0.26451
"1460",1809,0.26452
"1461",1810,0.26453
"1462",1811,0.26452
"1463",1812,0.26444
"1464",1813,0.26429
"1465",1814,0.26412
"1466",1815,0.26397
"1467",1816,0.26388
"1468",1817,0.26381
"1469",1818,0.26376
"1470",1819,0.26374
"1471",1820,0.26377
"1472",1821,0.2638
"1473",1822,0.26375
"1474",1823,0.26358
"1475",1824,0.26334
"1476",1825,0.26306
"1477",1826,0.26276
"1478",1827,0.26243
"1479",1828,0.26207
"1480",1829,0.26169
"1481",1830,0.26132
"1482",1831,0.26093
"1483",1832,0.2605
"1484",1833,0.26002
"1485",1834,0.25951
"1486",1835,0.25894
"1487",1836,0.25828
"1488",1837,0.25751
"1489",1838,0.25666
"1490",1839,0.25576
"1491",1840,0.25485
"1492",1841,0.2539
"1493",1842,0.25289
"1494",1843,0.25182
"1495",1844,0.25069
"1496",1845,0.2495
"1497",1846,0.24824
"1498",1847,0.24691
"1499",1848,0.2455
"1500",1849,0.24403
"1501",1850,0.24248
"1502",1851,0.24087
"1503",1852,0.23918
"1504",1853,0.23742
"1505",1854,0.23558
"1506",1855,0.23367
"1507",1856,0.23167
"1508",1857,0.22957
"1509",1858,0.22741
"1510",1859,0.22511
"1511",1860,0.22259
"1512",1861,0.21988
"1513",1862,0.21696
"1514",1863,0.21379
"1515",1864,0.21018
"1516",1865,0.20625
"1517",1866,0.20255
"1518",1867,0.19831
"1519",1868,0.1934
"1520",1869,0.18867
"1521",1870,0.18376
"1522",1871,0.17827
"1523",1872,0.17279
"1524",1873,0.1673
"1525",1874,0.16177
"1526",1875,0.15617
"1527",1876,0.15061
"1528",1877,0.14514
"1529",1878,0.13989
"1530",1879,0.13473
"1531",1880,0.12958
"1532",1881,0.12412
"1533",1882,0.11836
"1534",1883,0.11218
"1535",1884,0.10582
"1536",1885,0.09953
"1537",1886,0.09365
"1538",1887,0.08793
"1539",1888,0.08204
"1540",1889,0.07591
"1541",1890,0.06986
"1542",1891,0.06457
"1543",1892,0.05952
"1544",1893,0.05494
"1545",1894,0.05117
"1546",1895,0.04816
"1547",1896,0.04568
"1548",1897,0.04343
"1549",1898,0.04132
"1550",1899,0.03922
"1551",1900,0.03749
"1552",1901,0.03589
"1553",1902,0.03427
"1554",1903,0.03301
"1555",1904,0.03194
"1556",1905,0.03081
"1557",1906,0.02969
"1558",1907,0.02861
"1559",1908,0.02771
"1560",1909,0.02703
"1561",1910,0.02651
"1562",1911,0.02611
"1563",1912,0.0259
"1564",1913,0.02574
"1565",1914,0.02544
"1566",1915,0.025
"1567",1916,0.02456
"1568",1917,0.02418
"1569",1918,0.02382
"1570",1919,0.02354
"1571",1920,0.02342
"1572",1921,0.02342
"1573",1922,0.02339
"1574",1923,0.0233
"1575",1924,0.02318
"1576",1925,0.02303
"1577",1926,0.02283
"1578",1927,0.02263
"1579",1928,0.02256
"1580",1929,0.02266
"1581",1930,0.02281
"1582",1931,0.02292
"1583",1932,0.023
"1584",1933,0.02308
"1585",1934,0.02316
"1586",1935,0.02323
"1587",1936,0.02332
"1588",1937,0.02348
"1589",1938,0.02368
"1590",1939,0.02381
"1591",1940,0.02379
"1592",1941,0.02375
"1593",1942,0.02385
"1594",1943,0.02413
"1595",1944,0.02449
"1596",1945,0.02487
"1597",1946,0.02532
"1598",1947,0.02573
"1599",1948,0.02598
"1600",1949,0.02609
"1601",1950,0.02624
"1602",1951,0.0265
"1603",1952,0.02682
"1604",1953,0.02719
"1605",1954,0.02764
"1606",1955,0.02812
"1607",1956,0.02855
"1608",1957,0.02891
"1609",1958,0.02925
"1610",1959,0.02961
"1611",1960,0.02995
"1612",1961,0.03034
"1613",1962,0.03086
"1614",1963,0.03148
"1615",1964,0.0321
"1616",1965,0.03265
"1617",1966,0.03316
"1618",1967,0.03361
"1619",1968,0.03391
"1620",1969,0.03417
"1621",1970,0.03458
"1622",1971,0.03519
"1623",1972,0.03585
"1624",1973,0.03644
"1625",1974,0.03699
"1626",1975,0.03755
"1627",1976,0.03813
"1628",1977,0.03873
"1629",1978,0.03937
"1630",1979,0.0401
"1631",1980,0.04086
"1632",1981,0.04157
"1633",1982,0.04217
"1634",1983,0.04275
"1635",1984,0.0434
"1636",1985,0.04409
"1637",1986,0.04481
"1638",1987,0.04561
"1639",1988,0.04647
"1640",1989,0.0473
"1641",1990,0.04809
"1642",1991,0.04885
"1643",1992,0.04958
"1644",1993,0.05026
"1645",1994,0.05094
"1646",1995,0.05172
"1647",1996,0.05263
"1648",1997,0.05357
"1649",1998,0.0545
"1650",1999,0.05545
"1651",2000,0.05633
"1652",2001,0.05706
"1653",2002,0.05769
"1654",2003,0.05835
"1655",2004,0.05902
"1656",2005,0.05973
"1657",2006,0.06057
"1658",2007,0.06156
"1659",2008,0.06258
"1660",2009,0.06353
"1661",2010,0.06443
"1662",2011,0.06532
"1663",2012,0.06622
"1664",2013,0.06711
"1665",2014,0.06799
"1666",2015,0.06885
"1667",2016,0.0697
"1668",2017,0.07052
"1669",2018,0.0713
"1670",2019,0.07214
"1671",2020,0.07322
"1672",2021,0.07446
"1673",2022,0.07565
"1674",2023,0.07667
"1675",2024,0.0776
"1676",2025,0.0784
"1677",2026,0.07899
"1678",2027,0.07957
"1679",2028,0.08042
"1680",2029,0.08147
"1681",2030,0.08257
"1682",2031,0.08367
"1683",2032,0.08478
"1684",2033,0.08584
"1685",2034,0.0868
"1686",2035,0.08772
"1687",2036,0.08861
"1688",2037,0.08949
"1689",2038,0.09033
"1690",2039,0.0911
"1691",2040,0.09181
"1692",2041,0.09263
"1693",2042,0.09372
"1694",2043,0.09493
"1695",2044,0.09604
"1696",2045,0.09703
"1697",2046,0.09798
"1698",2047,0.09886
"1699",2048,0.09966
"1700",2049,0.10054
"1701",2050,0.10165
"1702",2051,0.10288
"1703",2052,0.10402
"1704",2053,0.10508
"1705",2054,0.10604
"1706",2055,0.1068
"1707",2056,0.10729
"1708",2057,0.10788
"1709",2058,0.10886
"1710",2059,0.11007
"1711",2060,0.11136
"1712",2061,0.1128
"1713",2062,0.11427
"1714",2063,0.1155
"1715",2064,0.11648
"1716",2065,0.11737
"1717",2066,0.1182
"1718",2067,0.11894
"1719",2068,0.11981
"1720",2069,0.12096
"1721",2070,0.12224
"1722",2071,0.12346
"1723",2072,0.12463
"1724",2073,0.12573
"1725",2074,0.12662
"1726",2075,0.12734
"1727",2076,0.1282
"1728",2077,0.1294
"1729",2078,0.13073
"1730",2079,0.1319
"1731",2080,0.13287
"1732",2081,0.13377
"1733",2082,0.1347
"1734",2083,0.13562
"1735",2084,0.13666
"1736",2085,0.13795
"1737",2086,0.13937
"1738",2087,0.14069
"1739",2088,0.14194
"1740",2089,0.1431
"1741",2090,0.14411
"1742",2091,0.14497
"1743",2092,0.14588
"1744",2093,0.14692
"1745",2094,0.14802
"1746",2095,0.14913
"1747",2096,0.15027
"1748",2097,0.15139
"1749",2098,0.15241
"1750",2099,0.15336
"1751",2100,0.1543
"1752",2101,0.15519
"1753",2102,0.15609
"1754",2103,0.15714
"1755",2104,0.15838
"1756",2105,0.15968
"1757",2106,0.1609
"1758",2107,0.16211
"1759",2108,0.16319
"1760",2109,0.16404
"1761",2110,0.16482
"1762",2111,0.16571
"1763",2112,0.16673
"1764",2113,0.16773
"1765",2114,0.16855
"1766",2115,0.16928
"1767",2116,0.17014
"1768",2117,0.17126
"1769",2118,0.17247
"1770",2119,0.1736
"1771",2120,0.17471
"1772",2121,0.17573
"1773",2122,0.17657
"1774",2123,0.17732
"1775",2124,0.1782
"1776",2125,0.1793
"1777",2126,0.18046
"1778",2127,0.18155
"1779",2128,0.18262
"1780",2129,0.18355
"1781",2130,0.18422
"1782",2131,0.18477
"1783",2132,0.18545
"1784",2133,0.18625
"1785",2134,0.18708
"1786",2135,0.18791
"1787",2136,0.18876
"1788",2137,0.1895
"1789",2138,0.19008
"1790",2139,0.19058
"1791",2140,0.19104
"1792",2141,0.19145
"1793",2142,0.19186
"1794",2143,0.19225
"1795",2144,0.19266
"1796",2145,0.19334
"1797",2146,0.19434
"1798",2147,0.19546
"1799",2148,0.19657
"1800",2149,0.19774
"1801",2150,0.19868
"1802",2151,0.19929
"1803",2152,0.19969
"1804",2153,0.19997
"1805",2154,0.20008
"1806",2155,0.20024
"1807",2156,0.20066
"1808",2157,0.2012
"1809",2158,0.20173
"1810",2159,0.20229
"1811",2160,0.2028
"1812",2161,0.20319
"1813",2162,0.20349
"1814",2163,0.20381
"1815",2164,0.20421
"1816",2165,0.20463
"1817",2166,0.20504
"1818",2167,0.20546
"1819",2168,0.20578
"1820",2169,0.2059
"1821",2170,0.20595
"1822",2171,0.20623
"1823",2172,0.2068
"1824",2173,0.20737
"1825",2174,0.20774
"1826",2175,0.20799
"1827",2176,0.20816
"1828",2177,0.20817
"1829",2178,0.20824
"1830",2179,0.20874
"1831",2180,0.20956
"1832",2181,0.21029
"1833",2182,0.21087
"1834",2183,0.2113
"1835",2184,0.2114
"1836",2185,0.21111
"1837",2186,0.21093
"1838",2187,0.21121
"1839",2188,0.2117
"1840",2189,0.21209
"1841",2190,0.21235
"1842",2191,0.21262
"1843",2192,0.21301
"1844",2193,0.21347
"1845",2194,0.21392
"1846",2195,0.21441
"1847",2196,0.21482
"1848",2197,0.21497
"1849",2198,0.21492
"1850",2199,0.21499
"1851",2200,0.21527
"1852",2201,0.21563
"1853",2202,0.21604
"1854",2203,0.21654
"1855",2204,0.21684
"1856",2205,0.21678
"1857",2206,0.21658
"1858",2207,0.21641
"1859",2208,0.21622
"1860",2209,0.21619
"1861",2210,0.21652
"1862",2211,0.21699
"1863",2212,0.2173
"1864",2213,0.21752
"1865",2214,0.21745
"1866",2215,0.21673
"1867",2216,0.21572
"1868",2217,0.21538
"1869",2218,0.21578
"1870",2219,0.21635
"1871",2220,0.21682
"1872",2221,0.21729
"1873",2222,0.21731
"1874",2223,0.21669
"1875",2224,0.21601
"1876",2225,0.21574
"1877",2226,0.21567
"1878",2227,0.2155
"1879",2228,0.21521
"1880",2229,0.21485
"1881",2230,0.21439
"1882",2231,0.21386
"1883",2232,0.21352
"1884",2233,0.21355
"1885",2234,0.2136
"1886",2235,0.21338
"1887",2236,0.21298
"1888",2237,0.21239
"1889",2238,0.21149
"1890",2239,0.21055
"1891",2240,0.20989
"1892",2241,0.2094
"1893",2242,0.20889
"1894",2243,0.20829
"1895",2244,0.20774
"1896",2245,0.20739
"1897",2246,0.20718
"1898",2247,0.20683
"1899",2248,0.20632
"1900",2249,0.20566
"1901",2250,0.20479
"1902",2251,0.20375
"1903",2252,0.20271
"1904",2253,0.20164
"1905",2254,0.20068
"1906",2255,0.20006
"1907",2256,0.1997
"1908",2257,0.19919
"1909",2258,0.19844
"1910",2259,0.19754
"1911",2260,0.19644
"1912",2261,0.19515
"1913",2262,0.19415
"1914",2263,0.19366
"1915",2264,0.19324
"1916",2265,0.19253
"1917",2266,0.19167
"1918",2267,0.19077
"1919",2268,0.1898
"1920",2269,0.18887
"1921",2270,0.18813
"1922",2271,0.18751
"1923",2272,0.18688
"1924",2273,0.18627
"1925",2274,0.18559
"1926",2275,0.18465
"1927",2276,0.18357
"1928",2277,0.1828
"1929",2278,0.18239
"1930",2279,0.18199
"1931",2280,0.18142
"1932",2281,0.18076
"1933",2282,0.17995
"1934",2283,0.17893
"1935",2284,0.17796
"1936",2285,0.17722
"1937",2286,0.17656
"1938",2287,0.17584
"1939",2288,0.17508
"1940",2289,0.17432
"1941",2290,0.17361
"1942",2291,0.17286
"1943",2292,0.17187
"1944",2293,0.17066
"1945",2294,0.16971
"1946",2295,0.16917
"1947",2296,0.16875
"1948",2297,0.1682
"1949",2298,0.1676
"1950",2299,0.16693
"1951",2300,0.16622
"1952",2301,0.16541
"1953",2302,0.16447
"1954",2303,0.16341
"1955",2304,0.16211
"1956",2305,0.16046
"1957",2306,0.15911
"1958",2307,0.15853
"1959",2308,0.15828
"1960",2309,0.15775
"1961",2310,0.15706
"1962",2311,0.15606
"1963",2312,0.15445
"1964",2313,0.15278
"1965",2314,0.15176
"1966",2315,0.15117
"1967",2316,0.15061
"1968",2317,0.15004
"1969",2318,0.14947
"1970",2319,0.14883
"1971",2320,0.14815
"1972",2321,0.14741
"1973",2322,0.14663
"1974",2323,0.14572
"1975",2324,0.14452
"1976",2325,0.14325
"1977",2326,0.14234
"1978",2327,0.14172
"1979",2328,0.14105
"1980",2329,0.14018
"1981",2330,0.13927
"1982",2331,0.13845
"1983",2332,0.13767
"1984",2333,0.13671
"1985",2334,0.13543
"1986",2335,0.13431
"1987",2336,0.1338
"1988",2337,0.1336
"1989",2338,0.13337
"1990",2339,0.1332
"1991",2340,0.13274
"1992",2341,0.13181
"1993",2342,0.13063
"1994",2343,0.12931
"1995",2344,0.12782
"1996",2345,0.12655
"1997",2346,0.12545
"1998",2347,0.12468
"1999",2348,0.12455
"2000",2349,0.12472
"2001",2350,0.1243
"2002",2351,0.12335
"2003",2352,0.12222
"2004",2353,0.12085
"2005",2354,0.11951
"2006",2355,0.11858
"2007",2356,0.11787
"2008",2357,0.11703
"2009",2358,0.11602
"2010",2359,0.1151
"2011",2360,0.11451
"2012",2361,0.11398
"2013",2362,0.11313
"2014",2363,0.11202
"2015",2364,0.11092
"2016",2365,0.10975
"2017",2366,0.10877
"2018",2367,0.10845
"2019",2368,0.10834
"2020",2369,0.10735
"2021",2370,0.10551
"2022",2371,0.10383
"2023",2372,0.10243
"2024",2373,0.10139
"2025",2374,0.10103
"2026",2375,0.10115
"2027",2376,0.10108
"2028",2377,0.10085
"2029",2378,0.10044
"2030",2379,0.0999
"2031",2380,0.09912
"2032",2381,0.09774
"2033",2382,0.09594
"2034",2383,0.09504
"2035",2384,0.0952
"2036",2385,0.09546
"2037",2386,0.09555
"2038",2387,0.0954
"2039",2388,0.09444
"2040",2389,0.09286
"2041",2390,0.09123
"2042",2391,0.08942
"2043",2392,0.08797
"2044",2393,0.08733
"2045",2394,0.08715
"2046",2395,0.08724
"2047",2396,0.08764
"2048",2397,0.08744
"2049",2398,0.08634
"2050",2399,0.08515
"2051",2400,0.08418
"2052",2401,0.08336
"2053",2402,0.08292
"2054",2403,0.08284
"2055",2404,0.08323
"2056",2405,0.08443
"2057",2406,0.08521
"2058",2407,0.08497
"2059",2408,0.08384
"2060",2409,0.08109
"2061",2410,0.07705
"2062",2411,0.07459
"2063",2412,0.07413
"2064",2413,0.07466
"2065",2414,0.07639
"2066",2415,0.0783
"2067",2416,0.0783
"2068",2417,0.07699
"2069",2418,0.07525
"2070",2419,0.07291
"2071",2420,0.07097
"2072",2421,0.06997
"2073",2422,0.06939
"2074",2423,0.06898
"2075",2424,0.06879
"2076",2425,0.06866
"2077",2426,0.0687
"2078",2427,0.06789
"2079",2428,0.06561
"2080",2429,0.06323
"2081",2430,0.06162
"2082",2431,0.06061
"2083",2432,0.06092
"2084",2433,0.06243
"2085",2434,0.06429
"2086",2435,0.06702
"2087",2436,0.06831
"2088",2437,0.06601
"2089",2438,0.06225
"2090",2439,0.05895
"2091",2440,0.05586
"2092",2441,0.05629
"2093",2442,0.06116
"2094",2443,0.06488
"2095",2444,0.06497
"2096",2445,0.06353
"2097",2446,0.06116
"2098",2447,0.05814
"2099",2448,0.05589
"2100",2449,0.05414
"2101",2450,0.05381
"2102",2451,0.05546
"2103",2452,0.05712
"2104",2453,0.05782
"2105",2454,0.05772
"2106",2455,0.05586
"2107",2456,0.05299
"2108",2457,0.05153
"2109",2458,0.05145
"2110",2459,0.05067
"2111",2460,0.04795
"2112",2461,0.04631
"2113",2462,0.04871
"2114",2463,0.05195
"2115",2464,0.05165
"2116",2465,0.04913
"2117",2466,0.04714
"2118",2467,0.04556
"2119",2468,0.04521
"2120",2469,0.04721
"2121",2470,0.0488
"2122",2471,0.04753
"2123",2472,0.0448
"2124",2473,0.04112
"2125",2474,0.03683
"2126",2475,0.03741
"2127",2476,0.04418
"2128",2477,0.04855
"2129",2478,0.04765
"2130",2479,0.04489
"2131",2480,0.03963
"2132",2481,0.03544
"2133",2482,0.04119
"2134",2483,0.05332
"2135",2484,0.05763
"2136",2485,0.05471
"2137",2486,0.04913
"2138",2487,0.03962
"2139",2488,0.03315
"2140",2489,0.03687
"2141",2490,0.04274
"2142",2491,0.04069
"2143",2492,0.0353
"2144",2493,0.03365
"2145",2494,0.03477
"2146",2495,0.0403
"2147",2496,0.05178
"2148",2497,0.0596
"2149",2498,0.05906
"2150",2499,0.05453
"2151",2500,0.04601
